corpus,soneto_n,verso_n,ultima_palabra,categoria
segura_A,51,1,airado,
segura_A,51,2,plantas,
segura_A,51,3,tantas,
segura_A,51,4,dorado,
segura_A,51,5,traspasado,
segura_A,51,6,plantas,
segura_A,51,7,santas,
segura_A,51,8,prado,
segura_A,51,9,alcores,
segura_A,51,10,vuelo,
segura_A,51,11,colores,
segura_A,51,12,pastores,
segura_A,51,13,suelo,
segura_A,51,14,flores,
segura_A,162,1,claro,
segura_A,162,2,entendimiento,
segura_A,162,3,ciento,
segura_A,162,4,avaro,
segura_A,162,5,raro,
segura_A,162,6,firmamento,
segura_A,162,7,atrevimiento,
segura_A,162,8,caro,
segura_A,162,9,dichosamente,
segura_A,162,10,hermosura,
segura_A,162,11,frente,
segura_A,162,12,pintura,
segura_A,162,13,luciente,
segura_A,162,14,oscura,
sin_asignar,900,1,lira,
sin_asignar,900,2,ella,
sin_asignar,900,3,bella,
sin_asignar,900,4,suspira,
sin_asignar,900,5,expira,
sin_asignar,900,6,querella,
sin_asignar,900,7,sella,
sin_asignar,900,8,ira,
sin_asignar,900,9,sombra,
sin_asignar,900,10,coro,
sin_asignar,900,11,movimiento,
sin_asignar,900,12,alfombra,
sin_asignar,900,13,oro,
sin_asignar,900,14,instrumento,
segura_B,285,1,süaves,
segura_B,285,2,desata,
segura_B,285,3,plata,
segura_B,285,4,graves,
segura_B,285,5,sabes,
segura_B,285,6,grata,
segura_B,285,7,escarlata,
segura_B,285,8,llaves,
segura_B,285,9,escucha,
segura_B,285,10,playa,
segura_B,285,11,serenas,
segura_B,285,12,mucha,
segura_B,285,13,atraya,
segura_B,285,14,arenas,
segura_A,201,1,albedrío,
segura_A,201,2,Peranzules,
segura_A,201,3,baúles,
segura_A,201,4,navío,
segura_A,201,5,mío,
segura_A,201,6,gazules,
segura_A,201,7,azules,
segura_A,201,8,desafío,
segura_A,201,9,pudo,
segura_A,201,10,discreto,
segura_A,201,11,mudo,
segura_A,201,12,prometo,
segura_A,201,13,Bermudo,
segura_A,201,14,soneto,
segura_B,287,1,Diego,
segura_B,287,2,breve,
segura_B,287,3,nieve,
segura_B,287,4,fuego,
segura_B,287,5,ciego,
segura_B,287,6,bebe,
segura_B,287,7,leve,
segura_B,287,8,luego,
segura_B,287,9,ella,
segura_B,287,10,dama,
segura_B,287,11,bella,
segura_B,287,12,llama,
segura_B,287,13,estrella,
segura_B,287,14,Fama,
sin_asignar,901,1,comido,
sin_asignar,901,2,vieja,
sin_asignar,901,3,deja,
sin_asignar,901,4,partido,
sin_asignar,901,5,despido,
sin_asignar,901,6,vendeja,
sin_asignar,901,7,bermeja,
sin_asignar,901,8,sido,
sin_asignar,901,9,dado,
sin_asignar,901,10,mancilla,
sin_asignar,901,11,lado,
sin_asignar,901,12,villa,
sin_asignar,901,13,prado,
sin_asignar,901,14,morcilla,
segura_B,221,1,días,
segura_B,221,2,lisonjero,
segura_B,221,3,acero,
segura_B,221,4,encías,
segura_B,221,5,Señorías,
segura_B,221,6,carnero,
segura_B,221,7,verdadero,
segura_B,221,8,Compañías,
segura_B,221,9,amos,
segura_B,221,10,cueste,
segura_B,221,11,ramos,
segura_B,221,12,preste,
segura_B,221,13,veamos,
segura_B,221,14,éste,
sin_asignar,902,1,jerga,
sin_asignar,902,2,donado,
sin_asignar,902,3,soldado,
sin_asignar,902,4,panduerga,
sin_asignar,902,5,alberga,
sin_asignar,902,6,papirrandado,
sin_asignar,902,7,enredado,
sin_asignar,902,8,Pisuerga,
sin_asignar,902,9,cadenas,
sin_asignar,902,10,oro,
sin_asignar,902,11,Sacramento,
sin_asignar,902,12,ajenas,
sin_asignar,902,13,aposento,
sin_asignar,902,14,Toro,
sin_asignar,903,1,paños,
sin_asignar,903,2,criada,
sin_asignar,903,3,Hurtada,
sin_asignar,903,4,daños,
sin_asignar,903,5,picaños,
sin_asignar,903,6,taimada,
sin_asignar,903,7,espada,
sin_asignar,903,8,años,
sin_asignar,903,9,mercadantes,
sin_asignar,903,10,Decreto,
sin_asignar,903,11,agros,
sin_asignar,903,12,milagros,
sin_asignar,903,13,soneto,
sin_asignar,903,14,navegantes,
dudoso,458,1,sietes,
dudoso,458,2,primera,
dudoso,458,3,tercera,
dudoso,458,4,bonetes,
dudoso,458,5,sainetes,
dudoso,458,6,heredera,
dudoso,458,7,contera,
dudoso,458,8,pebetes,
dudoso,458,9,vestido,
dudoso,458,10,canario,
dudoso,458,11,nido,
dudoso,458,12,Hilario,
dudoso,458,13,oído,
dudoso,458,14,Mercenario,
sin_asignar,904,1,pones,
sin_asignar,904,2,Judas,
sin_asignar,904,3,mudas,
sin_asignar,904,4,halcones,
sin_asignar,904,5,entones,
sin_asignar,904,6,peliagudas,
sin_asignar,904,7,ayudas,
sin_asignar,904,8,figones,
sin_asignar,904,9,cuidado,
sin_asignar,904,10,delantera,
sin_asignar,904,11,mojado,
sin_asignar,904,12,manera,
sin_asignar,904,13,aforrado,
sin_asignar,904,14,trasera,
segura_B,234,1,Nápoles,
segura_B,234,2,Francia,
segura_B,234,3,día,
segura_B,234,4,caracoles,
segura_B,234,5,españoles,
segura_B,234,6,mía,
segura_B,234,7,Andalucía,
segura_B,234,8,Soles,
segura_B,234,9,digo,
segura_B,234,10,paseo,
segura_B,234,11,higo,
segura_B,234,12,creo,
segura_B,234,13,digo,
segura_B,234,14,deseo,
sin_asignar,905,1,Tordesillas,
sin_asignar,905,2,lugares,
sin_asignar,905,3,particulares,
sin_asignar,905,4,cosquillas,
sin_asignar,905,5,Villas,
sin_asignar,905,6,Olivares,
sin_asignar,905,7,millares,
sin_asignar,905,8,maravillas,
sin_asignar,905,9,aldea,
sin_asignar,905,10,alguno,
sin_asignar,905,11,cerrojo,
sin_asignar,905,12,sea,
sin_asignar,905,13,uno,
sin_asignar,905,14,ojo,
dudoso,456,1,luterana,
dudoso,456,2,mochilero,
dudoso,456,3,ballestero,
dudoso,456,4,Sebastiana,
dudoso,456,5,mañana,
dudoso,456,6,caballero,
dudoso,456,7,mortero,
dudoso,456,8,campana,
dudoso,456,9,locos,
dudoso,456,10,canto,
dudoso,456,11,entona,
dudoso,456,12,cocos,
dudoso,456,13,cuanto,
dudoso,456,14,mona,
sin_asignar,906,1,gota,
sin_asignar,906,2,derramado,
sin_asignar,906,3,cansado,
sin_asignar,906,4,trota,
sin_asignar,906,5,bota,
sin_asignar,906,6,picado,
sin_asignar,906,7,descartado,
sin_asignar,906,8,sota,
sin_asignar,906,9,toma,
sin_asignar,906,10,puntuales,
sin_asignar,906,11,lodos,
sin_asignar,906,12,coma,
sin_asignar,906,13,males,
sin_asignar,906,14,todos,
segura_B,336,1,articulado,
segura_B,336,2,luciente,
segura_B,336,3,ingeniosamente,
segura_B,336,4,aprisionado,
segura_B,336,5,apremiado,
segura_B,336,6,consiente,
segura_B,336,7,impaciente,
segura_B,336,8,dorado,
segura_B,336,9,breve,
segura_B,336,10,mano,
segura_B,336,11,bebe,
segura_B,336,12,indiano,
segura_B,336,13,nieve,
segura_B,336,14,vano,
segura_A,17,1,colora,
segura_A,17,2,cumbre,
segura_A,17,3,mansedumbre,
segura_A,17,4,Aurora,
segura_A,17,5,Flora,
segura_A,17,6,lumbre,
segura_A,17,7,costumbre,
segura_A,17,8,dora,
segura_A,17,9,raso,
segura_A,17,10,flores,
segura_A,17,11,acaso,
segura_A,17,12,colores,
segura_A,17,13,paso,
segura_A,17,14,dores,
sin_asignar,907,1,peregrino,
sin_asignar,907,2,llave,
sin_asignar,907,3,suave,
sin_asignar,907,4,lino,
sin_asignar,907,5,dino,
sin_asignar,907,6,cabe,
sin_asignar,907,7,grave,
sin_asignar,907,8,camino,
sin_asignar,907,9,naturaleza,
sin_asignar,907,10,colores,
sin_asignar,907,11,Morfeo,
sin_asignar,907,12,dureza,
sin_asignar,907,13,olores,
sin_asignar,907,14,sabeo,
sin_asignar,908,1,caudaloso,
sin_asignar,908,2,cristalino,
sin_asignar,908,3,pino,
sin_asignar,908,4,undoso,
sin_asignar,908,5,cavernoso,
sin_asignar,908,6,vecino,
sin_asignar,908,7,camino,
sin_asignar,908,8,espumoso,
sin_asignar,908,9,orillas,
sin_asignar,908,10,enamorado,
sin_asignar,908,11,planta,
sin_asignar,908,12,pastorcillas,
sin_asignar,908,13,mirado,
sin_asignar,908,14,tanta,
segura_A,144,1,tablados,
segura_A,144,2,flores,
segura_A,144,3,matadores,
segura_A,144,4,despedazados,
segura_A,144,5,coronados,
segura_A,144,6,señores,
segura_A,144,7,colores,
segura_A,144,8,imitados,
segura_A,144,9,andaluces,
segura_A,144,10,frenos,
segura_A,144,11,jaeces,
segura_A,144,12,luces,
segura_A,144,13,menos,
segura_A,144,14,veces,
sin_asignar,909,1,Velada,
sin_asignar,909,2,celoso,
sin_asignar,909,3,coso,
sin_asignar,909,4,alterada,
sin_asignar,909,5,espada,
sin_asignar,909,6,fogoso,
sin_asignar,909,7,generoso,
sin_asignar,909,8,calificada,
sin_asignar,909,9,segundo,
sin_asignar,909,10,vistiendo,
sin_asignar,909,11,disponía,
sin_asignar,909,12,mundo,
sin_asignar,909,13,previniendo,
sin_asignar,909,14,día,
segura_A,16,1,elemento,
segura_A,16,2,plata,
segura_A,16,3,dilata,
segura_A,16,4,lento,
segura_A,16,5,siento,
segura_A,16,6,retrata,
segura_A,16,7,escarlata,
segura_A,16,8,movimiento,
segura_A,16,9,floja,
segura_A,16,10,freno,
segura_A,16,11,corriente,
segura_A,16,12,acoja,
segura_A,16,13,seno,
segura_A,16,14,tridente,
sin_asignar,910,1,luego,
sin_asignar,910,2,mula,
sin_asignar,910,3,bula,
sin_asignar,910,4,Diego,
sin_asignar,910,5,ciego,
sin_asignar,910,6,disimula,
sin_asignar,910,7,gula,
sin_asignar,910,8,griego,
sin_asignar,910,9,ceremonia,
sin_asignar,910,10,caciques,
sin_asignar,910,11,virotes,
sin_asignar,910,12,Babilonia,
sin_asignar,910,13,alambiques,
sin_asignar,910,14,botes,
segura_A,196,1,mano,
segura_A,196,2,veneno,
segura_A,196,3,seno,
segura_A,196,4,vano,
segura_A,196,5,tirano,
segura_A,196,6,sereno,
segura_A,196,7,peno,
segura_A,196,8,sano,
segura_A,196,9,ruido,
segura_A,196,10,destierro,
segura_A,196,11,perdido,
segura_A,196,12,yerro,
segura_A,196,13,nacido,
segura_A,196,14,hierro,
sin_asignar,911,1,condenado,
sin_asignar,911,2,vida,
sin_asignar,911,3,partida,
sin_asignar,911,4,sitiado,
sin_asignar,911,5,desdichado,
sin_asignar,911,6,encogida,
sin_asignar,911,7,despedida,
sin_asignar,911,8,confesado,
sin_asignar,911,9,agudo,
sin_asignar,911,10,prometo,
sin_asignar,911,11,mano,
sin_asignar,911,12,mudo,
sin_asignar,911,13,soneto,
sin_asignar,911,14,vano,
dudoso,442,1,tope,
dudoso,442,2,cortesía,
dudoso,442,3,elegía,
dudoso,442,4,arrope,
dudoso,442,5,Lope,
dudoso,442,6,día,
dudoso,442,7,poesía,
dudoso,442,8,galope,
dudoso,442,9,antojos,
dudoso,442,10,griego,
dudoso,442,11,ojos,
dudoso,442,12,ciego,
dudoso,442,13,flojos,
dudoso,442,14,luego,
segura_A,137,1,ciega,
segura_A,137,2,ira,
segura_A,137,3,mira,
segura_A,137,4,niega,
segura_A,137,5,ruega,
segura_A,137,6,suspira,
segura_A,137,7,tira,
segura_A,137,8,juega,
segura_A,137,9,veces,
segura_A,137,10,sala,
segura_A,137,11,Andalucía,
segura_A,137,12,jueces,
segura_A,137,13,gala,
segura_A,137,14,valentía,
dudoso,420,1,vado,
dudoso,420,2,encanecida,
dudoso,420,3,humedecida,
dudoso,420,4,abrigado,
dudoso,420,5,prado,
dudoso,420,6,escondida,
dudoso,420,7,exprimida,
dudoso,420,8,engastado,
dudoso,420,9,blancura,
dudoso,420,10,brío,
dudoso,420,11,vestidura,
dudoso,420,12,mío,
dudoso,420,13,hermosura,
dudoso,420,14,río,
sin_asignar,912,1,mía,
sin_asignar,912,2,hora,
sin_asignar,912,3,aurora,
sin_asignar,912,4,día,
sin_asignar,912,5,descortesía,
sin_asignar,912,6,voladora,
sin_asignar,912,7,atesora,
sin_asignar,912,8,cría,
sin_asignar,912,9,eclipsado,
sin_asignar,912,10,oscura,
sin_asignar,912,11,nublado,
sin_asignar,912,12,tesoro,
sin_asignar,912,13,blancura,
sin_asignar,912,14,oro,
segura_A,195,1,cortesano,
segura_A,195,2,entenas,
segura_A,195,3,Sirenas,
segura_A,195,4,napolitano,
segura_A,195,5,mano,
segura_A,195,6,apenas,
segura_A,195,7,sirenas,
segura_A,195,8,humano,
segura_A,195,9,clara,
segura_A,195,10,espira,
segura_A,195,11,rara,
segura_A,195,12,lira,
segura_A,195,13,para,
segura_A,195,14,mira,
sin_asignar,913,1,peregrino,
sin_asignar,913,2,llave,
sin_asignar,913,3,süave,
sin_asignar,913,4,lino,
sin_asignar,913,5,dino,
sin_asignar,913,6,cabe,
sin_asignar,913,7,grave,
sin_asignar,913,8,camino,
sin_asignar,913,9,naturaleza,
sin_asignar,913,10,colores,
sin_asignar,913,11,Morfeo,
sin_asignar,913,12,dureza,
sin_asignar,913,13,olores,
sin_asignar,913,14,sabeo,
segura_A,15,1,mía,
segura_A,15,2,llano,
segura_A,15,3,mano,
segura_A,15,4,hacía,
segura_A,15,5,corría,
segura_A,15,6,galano,
segura_A,15,7,lozano,
segura_A,15,8,día,
segura_A,15,9,bellas,
segura_A,15,10,falda,
segura_A,15,11,nieve,
segura_A,15,12,guirnalda,
segura_A,15,13,estrellas,
segura_A,15,14,nueve,
segura_A,42,1,dura,
segura_A,42,2,arrepentida,
segura_A,42,3,tendida,
segura_A,42,4,espesura,
segura_A,42,5,segura,
segura_A,42,6,afligida,
segura_A,42,7,escondida,
segura_A,42,8,verdura,
segura_A,42,9,airada,
segura_A,42,10,bella,
segura_A,42,11,desatado,
segura_A,42,12,celebrada,
segura_A,42,13,ella,
segura_A,42,14,prado,
sin_asignar,914,1,cobarde,
sin_asignar,914,2,ciega,
sin_asignar,914,3,niega,
sin_asignar,914,4,guarde,
sin_asignar,914,5,tarde,
sin_asignar,914,6,llega,
sin_asignar,914,7,entrega,
sin_asignar,914,8,arde,
sin_asignar,914,9,dulcemente,
sin_asignar,914,10,breve,
sin_asignar,914,11,sumo,
sin_asignar,914,12,luciente,
sin_asignar,914,13,leve,
sin_asignar,914,14,humo,
sin_asignar,915,1,naturaleza,
sin_asignar,915,2,Señora,
sin_asignar,915,3,ignora,
sin_asignar,915,4,pureza,
sin_asignar,915,5,belleza,
sin_asignar,915,6,dora,
sin_asignar,915,7,brilladora,
sin_asignar,915,8,cabeza,
sin_asignar,915,9,llama,
sin_asignar,915,10,sabio,
sin_asignar,915,11,bellas,
sin_asignar,915,12,labio,
sin_asignar,915,13,aclama,
sin_asignar,915,14,estrellas,
sin_asignar,916,1,airado,
sin_asignar,916,2,ciego,
sin_asignar,916,3,ruego,
sin_asignar,916,4,lisonjeado,
sin_asignar,916,5,cuidado,
sin_asignar,916,6,luego,
sin_asignar,916,7,fuego,
sin_asignar,916,8,helado,
sin_asignar,916,9,perdido,
sin_asignar,916,10,lavan,
sin_asignar,916,11,lascivas,
sin_asignar,916,12,conducido,
sin_asignar,916,13,estaban,
sin_asignar,916,14,vivas,
segura_A,18,1,mañana,
segura_A,18,2,rosas,
segura_A,18,3,artificiosas,
segura_A,18,4,grana,
segura_A,18,5,soberana,
segura_A,18,6,hermosas,
segura_A,18,7,milagrosas,
segura_A,18,8,mana,
segura_A,18,9,llanto,
segura_A,18,10,pecho,
segura_A,18,11,enterneciera,
segura_A,18,12,canto,
segura_A,18,13,hecho,
segura_A,18,14,cera,
sin_asignar,917,1,cabellos,
sin_asignar,917,2,bella,
sin_asignar,917,3,ella,
sin_asignar,917,4,ellos,
sin_asignar,917,5,cogerlos,
sin_asignar,917,6,aquella,
sin_asignar,917,7,estrella,
sin_asignar,917,8,bellos,
sin_asignar,917,9,oriente,
sin_asignar,917,10,cielo,
sin_asignar,917,11,occidente,
sin_asignar,917,12,vuelo,
sin_asignar,917,13,luciente,
sin_asignar,917,14,anzuelo,
segura_A,19,1,cansadas,
segura_A,19,2,llueven,
segura_A,19,3,mueven,
segura_A,19,4,consagradas,
segura_A,19,5,conjuradas,
segura_A,19,6,remueven,
segura_A,19,7,beben,
segura_A,19,8,derramadas,
segura_A,19,9,tributo,
segura_A,19,10,mano,
segura_A,19,11,enjuto,
segura_A,19,12,humano,
segura_A,19,13,fruto,
segura_A,19,14,vano,
segura_A,24,1,cabello,
segura_A,24,2,vano,
segura_A,24,3,llano,
segura_A,24,4,bello,
segura_A,24,5,cogello,
segura_A,24,6,temprano,
segura_A,24,7,lozano,
segura_A,24,8,cuello,
segura_A,24,9,frente,
segura_A,24,10,dorada,
segura_A,24,11,luciente,
segura_A,24,12,truncada,
segura_A,24,13,juntamente,
segura_A,24,14,nada,
segura_A,32,1,río,
segura_A,32,2,nada,
segura_A,32,3,escuchada,
segura_A,32,4,mío,
segura_A,32,5,estío,
segura_A,32,6,encomendada,
segura_A,32,7,agrada,
segura_A,32,8,frío,
segura_A,32,9,llanto,
segura_A,32,10,hondura,
segura_A,32,11,canto,
segura_A,32,12,espesura,
segura_A,32,13,Tanto,
segura_A,32,14,dulzura,
segura_A,41,1,convida,
segura_A,41,2,destilado,
segura_A,41,3,sagrado,
segura_A,41,4,Ida,
segura_A,41,5,vida,
segura_A,41,6,colorado,
segura_A,41,7,armado,
segura_A,41,8,escondida,
segura_A,41,9,Aurora,
segura_A,41,10,olorosas,
segura_A,41,11,seno,
segura_A,41,12,rosas,
segura_A,41,13,ahora,
segura_A,41,14,veneno,
segura_A,50,1,coronadas,
segura_A,50,2,gallardía,
segura_A,50,3,Andalucía,
segura_A,50,4,doradas,
segura_A,50,5,levantadas,
segura_A,50,6,día,
segura_A,50,7,mía,
segura_A,50,8,espadas,
segura_A,50,9,despojos,
segura_A,50,10,baña,
segura_A,50,11,mío,
segura_A,50,12,ojos,
segura_A,50,13,río,
segura_A,50,14,España,
segura_A,116,1,pecho,
segura_A,116,2,sienes,
segura_A,116,3,rehenes,
segura_A,116,4,hecho,
segura_A,116,5,estrecho,
segura_A,116,6,bienes,
segura_A,116,7,vienes,
segura_A,116,8,techo,
segura_A,116,9,mío,
segura_A,116,10,ofensa,
segura_A,116,11,fuerte,
segura_A,116,12,frío,
segura_A,116,13,inmensa,
segura_A,116,14,muerte,
sin_asignar,918,1,sepultados,
sin_asignar,918,2,una,
sin_asignar,918,3,fortuna,
sin_asignar,918,4,cuidados,
sin_asignar,918,5,honrados,
sin_asignar,918,6,importuna,
sin_asignar,918,7,cuna,
sin_asignar,918,8,armados,
sin_asignar,918,9,huesos,
sin_asignar,918,10,criatura,
sin_asignar,918,11,inmortales,
sin_asignar,918,12,impresos,
sin_asignar,918,13,dura,
sin_asignar,918,14,males,
segura_A,127,1,pastora,
segura_A,127,2,cuna,
segura_A,127,3,alguna,
segura_A,127,4,ahora,
segura_A,127,5,mora,
segura_A,127,6,luna,
segura_A,127,7,importuna,
segura_A,127,8,cazadora,
segura_A,127,9,vestida,
segura_A,127,10,nieve,
segura_A,127,11,homicida,
segura_A,127,12,endurecida,
segura_A,127,13,mueve,
segura_A,127,14,vida,
segura_A,138,1,nido,
segura_A,138,2,ahora,
segura_A,138,3,señora,
segura_A,138,4,vestido,
segura_A,138,5,herido,
segura_A,138,6,mora,
segura_A,138,7,Aurora,
segura_A,138,8,nacido,
segura_A,138,9,doliente,
segura_A,138,10,dura,
segura_A,138,11,dulcemente,
segura_A,138,12,frente,
segura_A,138,13,hermosura,
segura_A,138,14,gente,
segura_A,155,1,vano,
segura_A,155,2,gente,
segura_A,155,3,frente,
segura_A,155,4,cano,
segura_A,155,5,mano,
segura_A,155,6,tridente,
segura_A,155,7,luciente,
segura_A,155,8,humano,
segura_A,155,9,pastora,
segura_A,155,10,calzada,
segura_A,155,11,vestida,
segura_A,155,12,ahora,
segura_A,155,13,desatada,
segura_A,155,14,vencida,
segura_A,76,1,capiteles,
segura_A,76,2,arreboles,
segura_A,76,3,soles,
segura_A,76,4,crueles,
segura_A,76,5,celes,
segura_A,76,6,faroles,
segura_A,76,7,españoles,
segura_A,76,8,fieles,
segura_A,76,9,monarca,
segura_A,76,10,Mundo,
segura_A,76,11,humilla,
segura_A,76,12,Parca,
segura_A,76,13,maravilla,
segura_A,76,14,segundo,
segura_A,180,1,deshecho,
segura_A,180,2,vano,
segura_A,180,3,indiano,
segura_A,180,4,lecho,
segura_A,180,5,hecho,
segura_A,180,6,llano,
segura_A,180,7,pelicano,
segura_A,180,8,pecho,
segura_A,180,9,gato,
segura_A,180,10,ciego,
segura_A,180,11,arpones,
segura_A,180,12,talego,
segura_A,180,13,trato,
segura_A,180,14,cañones,
segura_A,13,1,sagrado,
segura_A,13,2,muro,
segura_A,13,3,duro,
segura_A,13,4,fabricado,
segura_A,13,5,preciado,
segura_A,13,6,seguro,
segura_A,13,7,puro,
segura_A,13,8,usurpado,
segura_A,13,9,oro,
segura_A,13,10,gira,
segura_A,13,11,belleza,
segura_A,13,12,adoro,
segura_A,13,13,suspira,
segura_A,13,14,reza,
segura_B,355,1,Oriente,
segura_B,355,2,lucero,
segura_B,355,3,venero,
segura_B,355,4,luciente,
segura_B,355,5,valiente,
segura_B,355,6,extranjero,
segura_B,355,7,parlero,
segura_B,355,8,miente,
segura_B,355,9,puro,
segura_B,355,10,bella,
segura_B,355,11,colores,
segura_B,355,12,ella,
segura_B,355,13,duro,
segura_B,355,14,señores,
sin_asignar,919,1,saeta,
sin_asignar,919,2,aguda,
sin_asignar,919,3,muda,
sin_asignar,919,4,meta,
sin_asignar,919,5,secreta,
sin_asignar,919,6,duda,
sin_asignar,919,7,desnuda,
sin_asignar,919,8,cometa,
sin_asignar,919,9,ignoras,
sin_asignar,919,10,porfías,
sin_asignar,919,11,engaños,
sin_asignar,919,12,horas,
sin_asignar,919,13,días,
sin_asignar,919,14,años,
segura_B,392,1,plomo,
segura_B,392,2,huesa,
segura_B,392,3,gruesa,
segura_B,392,4,tomo,
segura_B,392,5,lomo,
segura_B,392,6,mesa,
segura_B,392,7,portuguesa,
segura_B,392,8,Como,
segura_B,392,9,chimenea,
segura_B,392,10,raja,
segura_B,392,11,aceituno,
segura_B,392,12,desea,
segura_B,392,13,ventaja,
segura_B,392,14,ayuno,
segura_A,40,1,tanta,
segura_A,40,2,sospecho,
segura_A,40,3,pecho,
segura_A,40,4,garganta,
segura_A,40,5,levanta,
segura_A,40,6,derecho,
segura_A,40,7,hecho,
segura_A,40,8,planta,
segura_A,40,9,usa,
segura_A,40,10,estanza,
segura_A,40,11,veda,
segura_A,40,12,Medusa,
segura_A,40,13,pueda,
segura_A,40,14,mudanza,
segura_A,20,1,cristalinas,
segura_A,20,2,cuello,
segura_A,20,3,cabello,
segura_A,20,4,minas,
segura_A,20,5,finas,
segura_A,20,6,merecello,
segura_A,20,7,bello,
segura_A,20,8,espinas,
segura_A,20,9,envidioso,
segura_A,20,10,ojos,
segura_A,20,11,suerte,
segura_A,20,12,poderoso,
segura_A,20,13,enojos,
segura_A,20,14,muerte,
segura_A,45,1,doliente,
segura_A,45,2,vivas,
segura_A,45,3,olivas,
segura_A,45,4,frente,
segura_A,45,5,ardiente,
segura_A,45,6,lascivas,
segura_A,45,7,fugitivas,
segura_A,45,8,fuente,
segura_A,45,9,estío,
segura_A,45,10,humanos,
segura_A,45,11,río,
segura_A,45,12,toca,
segura_A,45,13,vanos,
segura_A,45,14,loca,
sin_asignar,920,1,sereno,
sin_asignar,920,2,nacida,
sin_asignar,920,3,escondida,
sin_asignar,920,4,seno,
sin_asignar,920,5,veneno,
sin_asignar,920,6,vida,
sin_asignar,920,7,asida,
sin_asignar,920,8,freno,
sin_asignar,920,9,eterno,
sin_asignar,920,10,estabas,
sin_asignar,920,11,espanto,
sin_asignar,920,12,tanto,
sin_asignar,920,13,acabas,
sin_asignar,920,14,infierno,
sin_asignar,921,1,mañana,
sin_asignar,921,2,vida,
sin_asignar,921,3,lucida,
sin_asignar,921,4,lozana,
sin_asignar,921,5,vana,
sin_asignar,921,6,desvanecida,
sin_asignar,921,7,escondida,
sin_asignar,921,8,temprana,
sin_asignar,921,9,mano,
sin_asignar,921,10,permitida,
sin_asignar,921,11,suerte,
sin_asignar,921,12,tirano,
sin_asignar,921,13,vida,
sin_asignar,921,14,muerte,
sin_asignar,922,1,entendimiento,
sin_asignar,922,2,glorioso,
sin_asignar,922,3,dudoso,
sin_asignar,922,4,Sacramento,
sin_asignar,922,5,prendimiento,
sin_asignar,922,6,piadoso,
sin_asignar,922,7,riguroso,
sin_asignar,922,8,conocimiento,
sin_asignar,922,9,santa,
sin_asignar,922,10,hemisferio,
sin_asignar,922,11,encierra,
sin_asignar,922,12,misterio,
sin_asignar,922,13,santa,
sin_asignar,922,14,tierra,
segura_B,361,1,sagrado,
segura_B,361,2,cuello,
segura_B,361,3,cabello,
segura_B,361,4,encomendado,
segura_B,361,5,juntado,
segura_B,361,6,bello,
segura_B,361,7,hacello,
segura_B,361,8,coronado,
segura_B,361,9,abeja,
segura_B,361,10,instante,
segura_B,361,11,zagaleja,
segura_B,361,12,petulante,
segura_B,361,13,deja,
segura_B,361,14,vigilante,
sin_asignar,923,1,traza,
sin_asignar,923,2,levantado,
sin_asignar,923,3,desgranado,
sin_asignar,923,4,plaza,
sin_asignar,923,5,raza,
sin_asignar,923,6,vado,
sin_asignar,923,7,letrado,
sin_asignar,923,8,amenaza,
sin_asignar,923,9,corona,
sin_asignar,923,10,casada,
sin_asignar,923,11,ciego,
sin_asignar,923,12,persona,
sin_asignar,923,13,fuego,
sin_asignar,923,14,Granada,
segura_A,182,1,pedorreras,
segura_A,182,2,Cagalarache,
segura_A,182,3,Alfarache,
segura_A,182,4,galeras,
segura_A,182,5,veras,
segura_A,182,6,piache,
segura_A,182,7,azabache,
segura_A,182,8,veneras,
segura_A,182,9,tía,
segura_A,182,10,ropa,
segura_A,182,11,daño,
segura_A,182,12,artillería,
segura_A,182,13,popa,
segura_A,182,14,año,
segura_A,69,1,abadas,
segura_A,69,2,rocas,
segura_A,69,3,bocas,
segura_A,69,4,doradas,
segura_A,69,5,remendadas,
segura_A,69,6,tocas,
segura_A,69,7,pocas,
segura_A,69,8,tiradas,
segura_A,69,9,pena,
segura_A,69,10,milicia,
segura_A,69,11,daga,
segura_A,69,12,malicia,
segura_A,69,13,hierbabuena,
segura_A,69,14,haga,
sin_asignar,924,1,fría,
sin_asignar,924,2,desatado,
sin_asignar,924,3,helado,
sin_asignar,924,4,reía,
sin_asignar,924,5,partía,
sin_asignar,924,6,cuidado,
sin_asignar,924,7,dorado,
sin_asignar,924,8,día,
sin_asignar,924,9,corriente,
sin_asignar,924,10,flores,
sin_asignar,924,11,risa,
sin_asignar,924,12,Belisa,
sin_asignar,924,13,frente,
sin_asignar,924,14,amores,
sin_asignar,924,15,veneno,
sin_asignar,924,16,Fileno,
sin_asignar,925,1,Sabaot,
sin_asignar,925,2,Ylec,
sin_asignar,925,3,Lamec,
sin_asignar,925,4,Lot,
sin_asignar,925,5,Behemot,
sin_asignar,925,6,Melquisedec,
sin_asignar,925,7,Abimelec,
sin_asignar,925,8,Nabot,
sin_asignar,925,9,Joab,
sin_asignar,925,10,Jafet,
sin_asignar,925,11,Jacob,
sin_asignar,925,12,Acab,
sin_asignar,925,13,Bet,
sin_asignar,925,14,Job,
sin_asignar,925,15,va,
sin_asignar,925,16,Jehová,
sin_asignar,926,1,acá,
sin_asignar,926,2,sé,
sin_asignar,926,3,que,
sin_asignar,926,4,está,
sin_asignar,926,5,da,
sin_asignar,926,6,pie,
sin_asignar,926,7,fue,
sin_asignar,926,8,ya,
sin_asignar,926,9,sí,
sin_asignar,926,10,forjó,
sin_asignar,926,11,Pirú,
sin_asignar,926,12,alhelí,
sin_asignar,926,13,no,
sin_asignar,926,14,tú,
segura_A,193,1,sea,
segura_A,193,2,dedicado,
segura_A,193,3,desatado,
segura_A,193,4,lisonjea,
segura_A,193,5,pasea,
segura_A,193,6,cuidado,
segura_A,193,7,burlando,
segura_A,193,8,aldea,
segura_A,193,9,flores,
segura_A,193,10,enriquece,
segura_A,193,11,Venegas,
segura_A,193,12,llegas,
segura_A,193,13,ofrece,
segura_A,193,14,olores,
segura_B,374,1,Nápoles,
segura_B,374,2,Dío,
segura_B,374,3,fío,
segura_B,374,4,faroles,
segura_B,374,5,girasoles,
segura_B,374,6,albedrío,
segura_B,374,7,mío,
segura_B,374,8,coles,
segura_B,374,9,festiva,
segura_B,374,10,Castilnnovo,
segura_B,374,11,reciba,
segura_B,374,12,lobo,
segura_B,374,13,misiva,
segura_B,374,14,bobo,
sin_asignar,927,1,valle,
sin_asignar,927,2,llora,
sin_asignar,927,3,hora,
sin_asignar,927,4,halle,
sin_asignar,927,5,calle,
sin_asignar,927,6,mora,
sin_asignar,927,7,ahora,
sin_asignar,927,8,talle,
sin_asignar,927,9,daño,
sin_asignar,927,10,infierno,
sin_asignar,927,11,posa,
sin_asignar,927,12,año,
sin_asignar,927,13,invierno,
sin_asignar,927,14,Lodosa,
segura_B,219,1,elemento,
segura_B,219,2,rosa,
segura_B,219,3,espinosa,
segura_B,219,4,viento,
segura_B,219,5,aliento,
segura_B,219,6,hermosa,
segura_B,219,7,reposa,
segura_B,219,8,violento,
segura_B,219,9,llora,
segura_B,219,10,bellas,
segura_B,219,11,dora,
segura_B,219,12,aquellas,
segura_B,219,13,aurora,
segura_B,219,14,estrellas,
sin_asignar,928,1,Juan,
sin_asignar,928,2,segundo,
sin_asignar,928,3,mundo,
sin_asignar,928,4,dan,
sin_asignar,928,5,San,
sin_asignar,928,6,profundo,
sin_asignar,928,7,fecundo,
sin_asignar,928,8,Letrán,
sin_asignar,928,9,canta,
sin_asignar,928,10,pueda,
sin_asignar,928,11,mude,
sin_asignar,928,12,planta,
sin_asignar,928,13,queda,
sin_asignar,928,14,palude,
segura_A,197,1,ciento,
segura_A,197,2,Primavera,
segura_A,197,3,ribera,
segura_A,197,4,alimento,
segura_A,197,5,viento,
segura_A,197,6,lisonjera,
segura_A,197,7,espera,
segura_A,197,8,aliento,
segura_A,197,9,debe,
segura_A,197,10,mano,
segura_A,197,11,flores,
segura_A,197,12,nieve,
segura_A,197,13,vano,
segura_A,197,14,olores,
sin_asignar,929,1,luciente,
sin_asignar,929,2,baña,
sin_asignar,929,3,España,
sin_asignar,929,4,frente,
sin_asignar,929,5,diferente,
sin_asignar,929,6,engaña,
sin_asignar,929,7,montaña,
sin_asignar,929,8,fuente,
sin_asignar,929,9,diga,
sin_asignar,929,10,restituya,
sin_asignar,929,11,enemiga,
sin_asignar,929,12,huya,
sin_asignar,929,13,siga,
sin_asignar,929,14,suya,
segura_B,253,1,dilata,
segura_B,253,2,Soto,
segura_B,253,3,devoto,
segura_B,253,4,desata,
segura_B,253,5,trata,
segura_B,253,6,remoto,
segura_B,253,7,roto,
segura_B,253,8,plata,
segura_B,253,9,coronado,
segura_B,253,10,Rojas,
segura_B,253,11,flores,
segura_B,253,12,templado,
segura_B,253,13,hojas,
segura_B,253,14,amores,
sin_asignar,930,1,sentencia,
sin_asignar,930,2,azafranado,
sin_asignar,930,3,dejado,
sin_asignar,930,4,Encía,
sin_asignar,930,5,paciencia,
sin_asignar,930,6,desgraciado,
sin_asignar,930,7,Apostolado,
sin_asignar,930,8,providencia,
sin_asignar,930,9,Pinabete,
sin_asignar,930,10,pino,
sin_asignar,930,11,vete,
sin_asignar,930,12,Teatino,
sin_asignar,930,13,bonete,
sin_asignar,930,14,tino,
sin_asignar,931,1,picaril,
sin_asignar,931,2,infernal,
sin_asignar,931,3,carnaval,
sin_asignar,931,4,perejil,
sin_asignar,931,5,candil,
sin_asignar,931,6,Hospital,
sin_asignar,931,7,carnal,
sin_asignar,931,8,pernil,
sin_asignar,931,9,desdén,
sin_asignar,931,10,galán,
sin_asignar,931,11,bien,
sin_asignar,931,12,esforzaran,
sin_asignar,931,13,Almagacén,
sin_asignar,931,14,verán,
dudoso,428,1,borres,
dudoso,428,2,escudo,
dudoso,428,3,dudo,
dudoso,428,4,torres,
dudoso,428,5,corres,
dudoso,428,6,rudo,
dudoso,428,7,barbudo,
dudoso,428,8,Vinorres,
dudoso,428,9,almena,
dudoso,428,10,alado,
dudoso,428,11,reznos,
dudoso,428,12,arena,
dudoso,428,13,casado,
dudoso,428,14,torreznos,
sin_asignar,932,1,perfumas,
sin_asignar,932,2,redomas,
sin_asignar,932,3,aromas,
sin_asignar,932,4,plumas,
sin_asignar,932,5,presumas,
sin_asignar,932,6,Romas,
sin_asignar,932,7,tomas,
sin_asignar,932,8,espumas,
sin_asignar,932,9,Guineo,
sin_asignar,932,10,olfato,
sin_asignar,932,11,Sabeo,
sin_asignar,932,12,rato,
sin_asignar,932,13,Himeneo,
sin_asignar,932,14,mulato,
sin_asignar,933,1,gregesco,
sin_asignar,933,2,sacrifica,
sin_asignar,933,3,pica,
sin_asignar,933,4,Picaresco,
sin_asignar,933,5,soldadesco,
sin_asignar,933,6,replica,
sin_asignar,933,7,rica,
sin_asignar,933,8,refresco,
sin_asignar,933,9,Santos,
sin_asignar,933,10,pereza,
sin_asignar,933,11,empieza,
sin_asignar,933,12,cantos,
sin_asignar,933,13,querella,
sin_asignar,933,14,ella,
sin_asignar,934,1,luego,
sin_asignar,934,2,secuaces,
sin_asignar,934,3,Rapaces,
sin_asignar,934,4,ciego,
sin_asignar,934,5,Lego,
sin_asignar,934,6,incapaces,
sin_asignar,934,7,locuaces,
sin_asignar,934,8,Borrego,
sin_asignar,934,9,Aldea,
sin_asignar,934,10,Burguillo,
sin_asignar,934,11,Idiota,
sin_asignar,934,12,Dragontea,
sin_asignar,934,13,flota,
sin_asignar,934,14,caudillo,
segura_A,71,1,Manzanares,
segura_A,71,2,gente,
segura_A,71,3,puente,
segura_A,71,4,mares,
segura_A,71,5,pares,
segura_A,71,6,frente,
segura_A,71,7,corriente,
segura_A,71,8,caniculares,
segura_A,71,9,pretendido,
segura_A,71,10,achicoria,
segura_A,71,11,purgado,
segura_A,71,12,crecido,
segura_A,71,13,gloria,
segura_A,71,14,ensuciado,
dudoso,433,1,fría,
dudoso,433,2,escapulario,
dudoso,433,3,rosario,
dudoso,433,4,caía,
dudoso,433,5,día,
dudoso,433,6,ordinario,
dudoso,433,7,Hilario,
dudoso,433,8,cosía,
dudoso,433,9,encerramiento,
dudoso,433,10,ejercicios,
dudoso,433,11,personas,
dudoso,433,12,testamento,
dudoso,433,13,oficios,
dudoso,433,14,coronas,
segura_A,93,1,fortunados,
segura_A,93,2,Reales,
segura_A,93,3,leales,
segura_A,93,4,desdichados,
segura_A,93,5,dorados,
segura_A,93,6,cristales,
segura_A,93,7,sales,
segura_A,93,8,levantados,
segura_A,93,9,alimentes,
segura_A,93,10,ramas,
segura_A,93,11,peregrino,
segura_A,93,12,gentes,
segura_A,93,13,famas,
segura_A,93,14,camino,
sin_asignar,935,1,subida,
sin_asignar,935,2,suerte,
sin_asignar,935,3,muerte,
sin_asignar,935,4,vida,
sin_asignar,935,5,comprendida,
sin_asignar,935,6,fuerte,
sin_asignar,935,7,convierte,
sin_asignar,935,8,esclarecida,
sin_asignar,935,9,perfectos,
sin_asignar,935,10,ordena,
sin_asignar,935,11,victoria,
sin_asignar,935,12,efectos,
sin_asignar,935,13,pena,
sin_asignar,935,14,gloria,
segura_B,237,1,ardiente,
segura_B,237,2,centellas,
segura_B,237,3,bellas,
segura_B,237,4,vistosamente,
segura_B,237,5,doliente,
segura_B,237,6,sellas,
segura_B,237,7,estrellas,
segura_B,237,8,luciente,
segura_B,237,9,vana,
segura_B,237,10,viento,
segura_B,237,11,tanto,
segura_B,237,12,humana,
segura_B,237,13,ciento,
segura_B,237,14,llanto,
sin_asignar,936,1,extrañas,
sin_asignar,936,2,vientos,
sin_asignar,936,3,fundamentos,
sin_asignar,936,4,entrañas,
sin_asignar,936,5,cañas,
sin_asignar,936,6,violentos,
sin_asignar,936,7,pensamientos,
sin_asignar,936,8,montañas,
sin_asignar,936,9,subidas,
sin_asignar,936,10,levantados,
sin_asignar,936,11,crecidas,
sin_asignar,936,12,ganados,
sin_asignar,936,13,vidas,
sin_asignar,936,14,cuidados,
sin_asignar,937,1,freno,
sin_asignar,937,2,fuerte,
sin_asignar,937,3,muerte,
sin_asignar,937,4,sereno,
sin_asignar,937,5,seno,
sin_asignar,937,6,advierte,
sin_asignar,937,7,suerte,
sin_asignar,937,8,veneno,
sin_asignar,937,9,salistes,
sin_asignar,937,10,mortales,
sin_asignar,937,11,tristes,
sin_asignar,937,12,males,
sin_asignar,937,13,nacistes,
sin_asignar,937,14,tales,
segura_A,135,1,Medina,
segura_A,135,2,ella,
segura_A,135,3,bella,
segura_A,135,4,digna,
segura_A,135,5,peregrina,
segura_A,135,6,sella,
segura_A,135,7,estrella,
segura_A,135,8,determina,
segura_A,135,9,griega,
segura_A,135,10,mía,
segura_A,135,11,corona,
segura_A,135,12,llega,
segura_A,135,13,perdona,
segura_A,135,14,fría,
sin_asignar,938,1,ofrecido,
sin_asignar,938,2,atado,
sin_asignar,938,3,limado,
sin_asignar,938,4,lamido,
sin_asignar,938,5,encanecido,
sin_asignar,938,6,peinado,
sin_asignar,938,7,sagrado,
sin_asignar,938,8,olvido,
sin_asignar,938,9,celestiales,
sin_asignar,938,10,Historia,
sin_asignar,938,11,pluma,
sin_asignar,938,12,inmortales,
sin_asignar,938,13,memoria,
sin_asignar,938,14,espuma,
segura_A,112,1,coronado,
segura_A,112,2,cumbre,
segura_A,112,3,lumbre,
segura_A,112,4,sagrado,
segura_A,112,5,levantado,
segura_A,112,6,pesadumbre,
segura_A,112,7,costumbre,
segura_A,112,8,conjurado,
segura_A,112,9,faldas,
segura_A,112,10,aquella,
segura_A,112,11,santa,
segura_A,112,12,sella,
segura_A,112,13,veneradlas,
segura_A,112,14,planta,
segura_A,68,1,tierno,
segura_A,68,2,caza,
segura_A,68,3,maza,
segura_A,68,4,cuerno,
segura_A,68,5,gobierno,
segura_A,68,6,embaraza,
segura_A,68,7,plaza,
segura_A,68,8,infierno,
segura_A,68,9,mesurada,
segura_A,68,10,gloria,
segura_A,68,11,bajeza,
segura_A,68,12,ejecutoria,
segura_A,68,13,honrada,
segura_A,68,14,cabeza,
segura_A,134,1,tierra,
segura_A,134,2,mortales,
segura_A,134,3,reales,
segura_A,134,4,hierra,
segura_A,134,5,encierra,
segura_A,134,6,orientales,
segura_A,134,7,mortales,
segura_A,134,8,cierra,
segura_A,134,9,Arabia,
segura_A,134,10,gusano,
segura_A,134,11,sabia,
segura_A,134,12,Oceano,
segura_A,134,13,gabia,
segura_A,134,14,humano,
segura_B,218,1,herido,
segura_B,218,2,mano,
segura_B,218,3,llano,
segura_B,218,4,humedecido,
segura_B,218,5,esclarecido,
segura_B,218,6,vano,
segura_B,218,7,cano,
segura_B,218,8,ceñido,
segura_B,218,9,desprecia,
segura_B,218,10,engaña,
segura_B,218,11,Grecia,
segura_B,218,12,España,
segura_B,218,13,precia,
segura_B,218,14,extraña,
sin_asignar,939,1,castellana,
sin_asignar,939,2,riega,
sin_asignar,939,3,Vega,
sin_asignar,939,4,llana,
sin_asignar,939,5,cana,
sin_asignar,939,6,lega,
sin_asignar,939,7,niega,
sin_asignar,939,8,romana,
sin_asignar,939,9,aquellos,
sin_asignar,939,10,ríos,
sin_asignar,939,11,espuma,
sin_asignar,939,12,vellos,
sin_asignar,939,13,pluma,
sin_asignar,939,14,Zambullíos,
segura_A,44,1,pensamiento,
segura_A,44,2,logrado,
segura_A,44,3,osado,
segura_A,44,4,elemento,
segura_A,44,5,viento,
segura_A,44,6,helado,
segura_A,44,7,levantado,
segura_A,44,8,ardimiento,
segura_A,44,9,esfera,
segura_A,44,10,afina,
segura_A,44,11,cera,
segura_A,44,12,destina,
segura_A,44,13,ribera,
segura_A,44,14,na,
sin_asignar,940,1,presente,
sin_asignar,940,2,abogado,
sin_asignar,940,3,enseñado,
sin_asignar,940,4,elocuente,
sin_asignar,940,5,fuente,
sin_asignar,940,6,desatado,
sin_asignar,940,7,dado,
sin_asignar,940,8,excelente,
sin_asignar,940,9,suma,
sin_asignar,940,10,viva,
sin_asignar,940,11,consuma,
sin_asignar,940,12,oliva,
sin_asignar,940,13,pluma,
sin_asignar,940,14,escriba,
sin_asignar,941,1,yace,
sin_asignar,941,2,glorioso,
sin_asignar,941,3,reposo,
sin_asignar,941,4,renace,
sin_asignar,941,5,hace,
sin_asignar,941,6,famoso,
sin_asignar,941,7,victorioso,
sin_asignar,941,8,trace,
sin_asignar,941,9,mano,
sin_asignar,941,10,consuma,
sin_asignar,941,11,vano,
sin_asignar,941,12,pluma,
sin_asignar,941,13,plano,
sin_asignar,941,14,espuma,
segura_B,267,1,cuantas,
segura_B,267,2,grave,
segura_B,267,3,ave,
segura_B,267,4,tantas,
segura_B,267,5,santas,
segura_B,267,6,suave,
segura_B,267,7,cabe,
segura_B,267,8,plantas,
segura_B,267,9,renacido,
segura_B,267,10,mundo,
segura_B,267,11,bellas,
segura_B,267,12,segundo,
segura_B,267,13,ceñido,
segura_B,267,14,estrellas,
sin_asignar,942,1,fiero,
sin_asignar,942,2,Galatea,
sin_asignar,942,3,aldea,
sin_asignar,942,4,forastero,
sin_asignar,942,5,severo,
sin_asignar,942,6,pigmea,
sin_asignar,942,7,emplea,
sin_asignar,942,8,cabrero,
sin_asignar,942,9,frente,
sin_asignar,942,10,razones,
sin_asignar,942,11,Occidente,
sin_asignar,942,12,pedantones,
sin_asignar,942,13,diferente,
sin_asignar,942,14,calzones,
sin_asignar,943,1,divino,
sin_asignar,943,2,sagrado,
sin_asignar,943,3,poblado,
sin_asignar,943,4,ladino,
sin_asignar,943,5,dino,
sin_asignar,943,6,desatado,
sin_asignar,943,7,profanado,
sin_asignar,943,8,peregrino,
sin_asignar,943,9,vieja,
sin_asignar,943,10,incierto,
sin_asignar,943,11,aconseja,
sin_asignar,943,12,muerto,
sin_asignar,943,13,queja,
sin_asignar,943,14,desierto,
dudoso,449,1,disciplina,
dudoso,449,2,lego,
dudoso,449,3,luego,
dudoso,449,4,camina,
dudoso,449,5,Latina,
dudoso,449,6,griego,
dudoso,449,7,ciego,
dudoso,449,8,divina,
dudoso,449,9,ligera,
dudoso,449,10,gloria,
dudoso,449,11,extranjera,
dudoso,449,12,memoria,
dudoso,449,13,cera,
dudoso,449,14,Victoria,
sin_asignar,944,1,ahora,
sin_asignar,944,2,Prado,
sin_asignar,944,3,levantado,
sin_asignar,944,4,llora,
sin_asignar,944,5,mora,
sin_asignar,944,6,nevado,
sin_asignar,944,7,fulminado,
sin_asignar,944,8,canora,
sin_asignar,944,9,pluma,
sin_asignar,944,10,ardimiento,
sin_asignar,944,11,baña,
sin_asignar,944,12,espuma,
sin_asignar,944,13,instrumento,
sin_asignar,944,14,España,
segura_B,358,1,oprime,
segura_B,358,2,desdichado,
segura_B,358,3,hado,
segura_B,358,4,redime,
segura_B,358,5,sublime,
segura_B,358,6,negado,
segura_B,358,7,imaginado,
segura_B,358,8,lime,
segura_B,358,9,falso,
segura_B,358,10,risa,
segura_B,358,11,agudo,
segura_B,358,12,cadalso,
segura_B,358,13,avisa,
segura_B,358,14,mudo,
dudoso,421,1,llueve,
dudoso,421,2,puro,
dudoso,421,3,maduro,
dudoso,421,4,breve,
dudoso,421,5,debe,
dudoso,421,6,futuro,
dudoso,421,7,duro,
dudoso,421,8,relieve,
dudoso,421,9,nueva,
dudoso,421,10,Senado,
dudoso,421,11,lenguaje,
dudoso,421,12,purgado,
dudoso,421,13,memoria,
dudoso,421,14,ultraje,
dudoso,427,1,veneno,
dudoso,427,2,Vega,
dudoso,427,3,riega,
dudoso,427,4,seno,
dudoso,427,5,trueno,
dudoso,427,6,ciega,
dudoso,427,7,navega,
dudoso,427,8,freno,
dudoso,427,9,emplea,
dudoso,427,10,papeles,
dudoso,427,11,gorjea,
dudoso,427,12,Apeles,
dudoso,427,13,vea,
dudoso,427,14,pinceles,
dudoso,440,1,Epopeya,
dudoso,440,2,legante,
dudoso,440,3,pante,
dudoso,440,4,eya,
dudoso,440,5,Reya,
dudoso,440,6,fante,
dudoso,440,7,Levante,
dudoso,440,8,peeya,
dudoso,440,9,Osorio,
dudoso,440,10,mía,
dudoso,440,11,Gorgorio,
dudoso,440,12,argentería,
dudoso,440,13,abalorio,
dudoso,440,14,harmonía,
sin_asignar,945,1,vido,
sin_asignar,945,2,pipote,
sin_asignar,945,3,tagarote,
sin_asignar,945,4,sentido,
sin_asignar,945,5,corrido,
sin_asignar,945,6,zote,
sin_asignar,945,7,trote,
sin_asignar,945,8,sido,
sin_asignar,945,9,tente,
sin_asignar,945,10,enojaste,
sin_asignar,945,11,bando,
sin_asignar,945,12,valiente,
sin_asignar,945,13,ganaste,
sin_asignar,945,14,trotando,
sin_asignar,946,1,luego,
sin_asignar,946,2,secuaces,
sin_asignar,946,3,rapaces,
sin_asignar,946,4,ciego,
sin_asignar,946,5,lego,
sin_asignar,946,6,incapaces,
sin_asignar,946,7,locuaces,
sin_asignar,946,8,borrego,
sin_asignar,946,9,aldea,
sin_asignar,946,10,Burguillo,
sin_asignar,946,11,idiota,
sin_asignar,946,12,Dragontea,
sin_asignar,946,13,flota,
sin_asignar,946,14,caudillo,
dudoso,460,1,peregrina,
dudoso,460,2,romero,
dudoso,460,3,barbero,
dudoso,460,4,disciplina,
dudoso,460,5,esclavina,
dudoso,460,6,cuero,
dudoso,460,7,zorrero,
dudoso,460,8,Cecina,
dudoso,460,9,navega,
dudoso,460,10,Roque,
dudoso,460,11,vano,
dudoso,460,12,aloque,
dudoso,460,13,llega,
dudoso,460,14,sano,
sin_asignar,947,1,pesado,
sin_asignar,947,2,paciencia,
sin_asignar,947,3,inocencia,
sin_asignar,947,4,acrecentado,
sin_asignar,947,5,estado,
sin_asignar,947,6,violencia,
sin_asignar,947,7,ciencia,
sin_asignar,947,8,engordado,
sin_asignar,947,9,mío,
sin_asignar,947,10,Baltasara,
sin_asignar,947,11,aguardo,
sin_asignar,947,12,brío,
sin_asignar,947,13,cara,
sin_asignar,947,14,Pardo,
sin_asignar,948,1,yerro,
sin_asignar,948,2,salva,
sin_asignar,948,3,malva,
sin_asignar,948,4,cencerro,
sin_asignar,948,5,perro,
sin_asignar,948,6,Alba,
sin_asignar,948,7,calva,
sin_asignar,948,8,becerro,
sin_asignar,948,9,talento,
sin_asignar,948,10,ruda,
sin_asignar,948,11,loa,
sin_asignar,948,12,instrumento,
sin_asignar,948,13,saluda,
sin_asignar,948,14,Roa,
dudoso,462,1,Florencia,
dudoso,462,2,cano,
dudoso,462,3,castellano,
dudoso,462,4,elocuencia,
dudoso,462,5,Chimenencia,
dudoso,462,6,vano,
dudoso,462,7,milano,
dudoso,462,8,abstinencia,
dudoso,462,9,modesto,
dudoso,462,10,dado,
dudoso,462,11,ociosa,
dudoso,462,12,honesto,
dudoso,462,13,privado,
dudoso,462,14,ambiciosa,
sin_asignar,949,1,Andalucía,
sin_asignar,949,2,duro,
sin_asignar,949,3,oscuro,
sin_asignar,949,4,salía,
sin_asignar,949,5,mía,
sin_asignar,949,6,seguro,
sin_asignar,949,7,puro,
sin_asignar,949,8,armonía,
sin_asignar,949,9,suspenden,
sin_asignar,949,10,gracia,
sin_asignar,949,11,camino,
sin_asignar,949,12,entienden,
sin_asignar,949,13,tracia,
sin_asignar,949,14,vino,
dudoso,439,1,encapotado,
dudoso,439,2,culiseos,
dudoso,439,3,correos,
dudoso,439,4,regado,
dudoso,439,5,matizado,
dudoso,439,6,filisteos,
dudoso,439,7,pigmeos,
dudoso,439,8,limado,
dudoso,439,9,esfera,
dudoso,439,10,sahumados,
dudoso,439,11,tericia,
dudoso,439,12,madera,
dudoso,439,13,collados,
dudoso,439,14,Galicia,
contraejemplo,9001,1,postrera,
contraejemplo,9001,2,día,
contraejemplo,9001,3,mía,
contraejemplo,9001,4,lisonjera,
contraejemplo,9001,5,ribera,
contraejemplo,9001,6,ardía,
contraejemplo,9001,7,fría,
contraejemplo,9001,8,severa,
contraejemplo,9001,9,sido,
contraejemplo,9001,10,dado,
contraejemplo,9001,11,ardido,
contraejemplo,9001,12,cuidado,
contraejemplo,9001,13,sentido,
contraejemplo,9001,14,enamorado,
contraejemplo,9002,1,Violante,
contraejemplo,9002,2,aprieto,
contraejemplo,9002,3,soneto,
contraejemplo,9002,4,delante,
contraejemplo,9002,5,consonante,
contraejemplo,9002,6,cuarteto,
contraejemplo,9002,7,terceto,
contraejemplo,9002,8,espante,
contraejemplo,9002,9,entrando,
contraejemplo,9002,10,derecho,
contraejemplo,9002,11,dando,
contraejemplo,9002,12,sospecho,
contraejemplo,9002,13,acabando,
contraejemplo,9002,14,hecho,
contraejemplo,9003,1,santo,
contraejemplo,9003,2,escuro,
contraejemplo,9003,3,llanto,
contraejemplo,9003,4,puro,
contraejemplo,9003,5,seguro,
contraejemplo,9003,6,bienhadados,
contraejemplo,9003,7,afligidos,
contraejemplo,9003,8,criados,
contraejemplo,9003,9,desposeídos,
contraejemplo,9003,10,sentidos,
contraejemplo,9003,11,ojos,
contraejemplo,9003,12,hermosura,
contraejemplo,9003,13,enojos,
contraejemplo,9003,14,dulzura,
contraejemplo,9004,1,azucena,
contraejemplo,9004,2,gesto,
contraejemplo,9004,3,honesto,
contraejemplo,9004,4,refrena,
contraejemplo,9004,5,vena,
contraejemplo,9004,6,presto,
contraejemplo,9004,7,enhiesto,
contraejemplo,9004,8,desordena,
contraejemplo,9004,9,primavera,
contraejemplo,9004,10,airado,
contraejemplo,9004,11,cumbre,
contraejemplo,9004,12,helado,
contraejemplo,9004,13,ligera,
contraejemplo,9004,14,costumbre,
contraejemplo,9005,1,serenos,
contraejemplo,9005,2,alabados,
contraejemplo,9005,3,airados,
contraejemplo,9005,4,piadosos,
contraejemplo,9005,5,mira,
contraejemplo,9005,6,ira,
contraejemplo,9005,7,hermosos,
contraejemplo,9005,8,rabiosos,
contraejemplo,9005,9,serenos,
contraejemplo,9005,10,menos,
contraejemplo,9005,11,menos,
contraejemplo,9005,12,menos,
contraejemplo,9005,13,menos,
contraejemplo,9005,14,menos,
contraejemplo,9006,1,furioso,
contraejemplo,9006,2,esquivo,
contraejemplo,9006,3,vivo,
contraejemplo,9006,4,animoso,
contraejemplo,9006,5,reposo,
contraejemplo,9006,6,altivo,
contraejemplo,9006,7,fugitivo,
contraejemplo,9006,8,receloso,
contraejemplo,9006,9,desengaño,
contraejemplo,9006,10,süave,
contraejemplo,9006,11,daño,
contraejemplo,9006,12,cabe,
contraejemplo,9006,13,desengaño,
contraejemplo,9006,14,sabe,
contraejemplo,9007,1,esquivo,
contraejemplo,9007,2,quiero,
contraejemplo,9007,3,muero,
contraejemplo,9007,4,vivo,
contraejemplo,9007,5,atractivo,
contraejemplo,9007,6,acero,
contraejemplo,9007,7,lisonjero,
contraejemplo,9007,8,fugitivo,
contraejemplo,9007,9,satisfecho,
contraejemplo,9007,10,tiranía,
contraejemplo,9007,11,estrecho,
contraejemplo,9007,12,ceñía,
contraejemplo,9007,13,pecho,
contraejemplo,9007,14,fantasía,
